<?xml version="1.0" encoding="UTF-8"?>
<project-private xmlns="http://www.netbeans.org/ns/project-private/1">
    <editor-bookmarks xmlns="http://www.netbeans.org/ns/editor-bookmarks/2" lastBookmarkId="0"/>
    <open-files xmlns="http://www.netbeans.org/ns/projectui-open-files/2">
        <group>
            <file>file:/C:/Users/jael1/Documents/NetBeansProjects/Cafeteria-Coffe-Reach/src/IngenieriaSF/Cafeteria.java</file>
            <file>file:/C:/Users/jael1/Documents/NetBeansProjects/Cafeteria-Coffe-Reach/src/IngenieriaSF/producto.java</file>
            <file>file:/C:/Users/jael1/Documents/NetBeansProjects/Cafeteria-Coffe-Reach/src/IngenieriaSF/InicioSesión.java</file>
            <file>file:/C:/Users/jael1/Documents/NetBeansProjects/Cafeteria-Coffe-Reach/src/IngenieriaSF/ConexiónBD.java</file>
            <file>file:/C:/Users/jael1/Documents/NetBeansProjects/Cafeteria-Coffe-Reach/src/IngenieriaSF/MenuPagina.java</file>
        </group>
    </open-files>
</project-private>
